{
  "classes": [
    "background",
    "bag",
    "blender",
    "cornflakes_bowl",
    "cornflakes_eating",
    "cup",
    "dish_washer",
    "electric_razor",
    "flatware_sorting",
    "food_processor",
    "hair_dryer",
    "microwave",
    "microwave_bell",
    "microwave_door",
    "plates_sorting",
    "stirring_cup",
    "toaster_up_down",
    "toilet_button",
    "toilet_flush",
    "tooth",
    "vacuum_cleaner",
    "washing_machine",
    "water_boiler",
    "water_tap"
  ],
  "class_to_idx": {
    "background": 0,
    "bag": 1,
    "blender": 2,
    "cornflakes_bowl": 3,
    "cornflakes_eating": 4,
    "cup": 5,
    "dish_washer": 6,
    "electric_razor": 7,
    "flatware_sorting": 8,
    "food_processor": 9,
    "hair_dryer": 10,
    "microwave": 11,
    "microwave_bell": 12,
    "microwave_door": 13,
    "plates_sorting": 14,
    "stirring_cup": 15,
    "toaster_up_down": 16,
    "toilet_button": 17,
    "toilet_flush": 18,
    "tooth": 19,
    "vacuum_cleaner": 20,
    "washing_machine": 21,
    "water_boiler": 22,
    "water_tap": 23
  },
  "sample_T": 300,
  "raster_period": 0.01,
  "num_channels": 16
}